{"cameraMode":{"drawMode":0,"name":"Shaded","section":"Shading Mode"},"sceneLighting":true,"audioPlay":false,"sceneViewState":{"m_AlwaysRefresh":false,"showFog":true,"showSkybox":true,"showFlares":true,"showImageEffects":true,"showParticleSystems":true,"showVisualEffectGraphs":true,"m_FxEnabled":true},"in2DMode":false,"pivot":{"x":0.14363813400268556,"y":0.2753070592880249,"z":0.6899014115333557},"rotation":{"x":-0.16962945461273194,"y":0.5459193587303162,"z":-0.11396925896406174,"w":-0.8125349283218384},"size":0.3073950409889221,"orthographic":false}